Username,EntryID,Status,Current_Pick,Additional_Info
Ryansitter,0390d7d0-6b47-4028-8bd4-147f8c5a9bf6,Active,WIS,
Ryansitter,0390d7d0-6b47-4028-8bd4-147f8c5a9bf6,Active,ARIZ,
Ryansitter,0390d7d0-6b47-4028-8bd4-147f8c5a9bf6,Active,AUB,
Ryansitter,0390d7d0-6b47-4028-8bd4-147f8c5a9bf6,Active,MD,
Ryansitter,0390d7d0-6b47-4028-8bd4-147f8c5a9bf6,Active,Unknown,
Keith-Coumbe,03e09e06-fa70-45a2-941d-fab812645a6b,Active,WIS,
Keith-Coumbe,03e09e06-fa70-45a2-941d-fab812645a6b,Active,CONN,
Keith-Coumbe,03e09e06-fa70-45a2-941d-fab812645a6b,Active,PUR,
Keith-Coumbe,03e09e06-fa70-45a2-941d-fab812645a6b,Active,MD,
Keith-Coumbe,03e09e06-fa70-45a2-941d-fab812645a6b,Active,Unknown,
dezcaughtit9288,04522425-4a81-41fa-8e23-5faf79de7ddf,Active,TTU,
dezcaughtit9288,04522425-4a81-41fa-8e23-5faf79de7ddf,Active,ISU,
dezcaughtit9288,04522425-4a81-41fa-8e23-5faf79de7ddf,Active,PUR,
dezcaughtit9288,04522425-4a81-41fa-8e23-5faf79de7ddf,Active,MD,
dezcaughtit9288,04522425-4a81-41fa-8e23-5faf79de7ddf,Active,Unknown,
payme2023,0cc50c07-6dbb-453c-9885-a95f1e412d75,Active,GONZ,
payme2023,0cc50c07-6dbb-453c-9885-a95f1e412d75,Active,UK,
payme2023,0cc50c07-6dbb-453c-9885-a95f1e412d75,Active,TTU,
payme2023,0cc50c07-6dbb-453c-9885-a95f1e412d75,Active,MD,
payme2023,0cc50c07-6dbb-453c-9885-a95f1e412d75,Active,Unknown,
Bdubs,0d059436-2b5a-4967-9857-49b0ad33a44c,Active,GONZ,
Bdubs,0d059436-2b5a-4967-9857-49b0ad33a44c,Active,ORE,
Bdubs,0d059436-2b5a-4967-9857-49b0ad33a44c,Active,PUR,
Bdubs,0d059436-2b5a-4967-9857-49b0ad33a44c,Active,MD,
Bdubs,0d059436-2b5a-4967-9857-49b0ad33a44c,Active,Unknown,
samtrevino,0e865d24-eb7b-4b44-95e2-5f048f580f16,Active,TTU,
samtrevino,0e865d24-eb7b-4b44-95e2-5f048f580f16,Active,ARIZ,
samtrevino,0e865d24-eb7b-4b44-95e2-5f048f580f16,Active,PUR,
samtrevino,0e865d24-eb7b-4b44-95e2-5f048f580f16,Active,MD,
samtrevino,0e865d24-eb7b-4b44-95e2-5f048f580f16,Active,Unknown,
wheelhouse2,0ebcb7c4-5be8-436c-a25f-e351f23c7735,Active,SJU,
wheelhouse2,0ebcb7c4-5be8-436c-a25f-e351f23c7735,Active,ARIZ,
wheelhouse2,0ebcb7c4-5be8-436c-a25f-e351f23c7735,Active,TTU,
wheelhouse2,0ebcb7c4-5be8-436c-a25f-e351f23c7735,Active,MSU,
wheelhouse2,0ebcb7c4-5be8-436c-a25f-e351f23c7735,Active,Unknown,
msowa24,112d506b-f9ea-4453-b6c0-4b040525c845,Active,UCLA,
msowa24,112d506b-f9ea-4453-b6c0-4b040525c845,Active,CONN,
msowa24,112d506b-f9ea-4453-b6c0-4b040525c845,Active,PUR,
msowa24,112d506b-f9ea-4453-b6c0-4b040525c845,Active,MSU,
msowa24,112d506b-f9ea-4453-b6c0-4b040525c845,Active,Unknown,
slashtastic,14ca292f-83a8-4ad9-8c64-fef25016e39c,Active,WIS,
slashtastic,14ca292f-83a8-4ad9-8c64-fef25016e39c,Active,ISU,
slashtastic,14ca292f-83a8-4ad9-8c64-fef25016e39c,Active,TTU,
slashtastic,14ca292f-83a8-4ad9-8c64-fef25016e39c,Active,MSU,
slashtastic,14ca292f-83a8-4ad9-8c64-fef25016e39c,Active,Unknown,
cmcon33,1768fb21-dbc2-4479-8454-e7d858567f46,Active,UCLA,
cmcon33,1768fb21-dbc2-4479-8454-e7d858567f46,Active,SMC,
cmcon33,1768fb21-dbc2-4479-8454-e7d858567f46,Active,PUR,
cmcon33,1768fb21-dbc2-4479-8454-e7d858567f46,Active,MD,
cmcon33,1768fb21-dbc2-4479-8454-e7d858567f46,Active,Unknown,
jeffpierce567,18091b70-12c9-471e-b2db-7aa7bb8b4de8,Active,SJU,
jeffpierce567,18091b70-12c9-471e-b2db-7aa7bb8b4de8,Active,ISU,
jeffpierce567,18091b70-12c9-471e-b2db-7aa7bb8b4de8,Active,TENN,
jeffpierce567,18091b70-12c9-471e-b2db-7aa7bb8b4de8,Active,MD,
jeffpierce567,18091b70-12c9-471e-b2db-7aa7bb8b4de8,Active,Unknown,
tschilla,1c2f9406-9e62-40e4-9c8d-5b3e7aa0461d,Active,SJU,
tschilla,1c2f9406-9e62-40e4-9c8d-5b3e7aa0461d,Active,UK,
tschilla,1c2f9406-9e62-40e4-9c8d-5b3e7aa0461d,Active,PUR,
tschilla,1c2f9406-9e62-40e4-9c8d-5b3e7aa0461d,Active,MSU,
tschilla,1c2f9406-9e62-40e4-9c8d-5b3e7aa0461d,Active,Unknown,
pandyspicks,1d07d2da-944e-4276-9076-af6ce9f604de,Active,WIS,
pandyspicks,1d07d2da-944e-4276-9076-af6ce9f604de,Active,MD,
pandyspicks,1d07d2da-944e-4276-9076-af6ce9f604de,Active,TENN,
pandyspicks,1d07d2da-944e-4276-9076-af6ce9f604de,Active,ALA,
pandyspicks,1d07d2da-944e-4276-9076-af6ce9f604de,Active,Unknown,
hedgetho,1d366baa-355e-4787-a153-2f215ed6fff3,Active,GONZ,
hedgetho,1d366baa-355e-4787-a153-2f215ed6fff3,Active,UK,
hedgetho,1d366baa-355e-4787-a153-2f215ed6fff3,Active,TTU,
hedgetho,1d366baa-355e-4787-a153-2f215ed6fff3,Active,ISU,
hedgetho,1d366baa-355e-4787-a153-2f215ed6fff3,Active,Unknown,
RCGRAYSON,1efc6c75-67b9-4233-b9d3-c2eaa65ae7a5,Active,GONZ,
RCGRAYSON,1efc6c75-67b9-4233-b9d3-c2eaa65ae7a5,Active,ARIZ,
RCGRAYSON,1efc6c75-67b9-4233-b9d3-c2eaa65ae7a5,Active,TTU,
RCGRAYSON,1efc6c75-67b9-4233-b9d3-c2eaa65ae7a5,Active,MD,
RCGRAYSON,1efc6c75-67b9-4233-b9d3-c2eaa65ae7a5,Active,Unknown,
jd1287,1f127aa3-9a2a-4e7d-837b-395c68ddb9d0,Active,SJU,
jd1287,1f127aa3-9a2a-4e7d-837b-395c68ddb9d0,Active,UK,
jd1287,1f127aa3-9a2a-4e7d-837b-395c68ddb9d0,Active,PUR,
jd1287,1f127aa3-9a2a-4e7d-837b-395c68ddb9d0,Active,MD,
jd1287,1f127aa3-9a2a-4e7d-837b-395c68ddb9d0,Active,Unknown,
cjcarstens2,218f5bbf-ff67-4eb2-97a5-93ca6afbd1b2,Active,SJU,
cjcarstens2,218f5bbf-ff67-4eb2-97a5-93ca6afbd1b2,Active,ISU,
cjcarstens2,218f5bbf-ff67-4eb2-97a5-93ca6afbd1b2,Active,TTU,
cjcarstens2,218f5bbf-ff67-4eb2-97a5-93ca6afbd1b2,Active,FLA,
cjcarstens2,218f5bbf-ff67-4eb2-97a5-93ca6afbd1b2,Active,Unknown,
GILES2506,21cea089-e8db-47cb-97f0-f9808700ee5a,Active,TTU,
GILES2506,21cea089-e8db-47cb-97f0-f9808700ee5a,Active,ISU,
GILES2506,21cea089-e8db-47cb-97f0-f9808700ee5a,Active,PUR,
GILES2506,21cea089-e8db-47cb-97f0-f9808700ee5a,Active,MD,
GILES2506,21cea089-e8db-47cb-97f0-f9808700ee5a,Active,Unknown,
schoppwgr,222d2db4-6a19-44d8-a57e-29b1a2e51f0a,Active,WIS,
schoppwgr,222d2db4-6a19-44d8-a57e-29b1a2e51f0a,Active,CSU,
schoppwgr,222d2db4-6a19-44d8-a57e-29b1a2e51f0a,Active,PUR,
schoppwgr,222d2db4-6a19-44d8-a57e-29b1a2e51f0a,Active,ISU,
schoppwgr,222d2db4-6a19-44d8-a57e-29b1a2e51f0a,Active,Unknown,
mball212358,2335e756-fec2-42e6-91ab-221e6443186d,Active,TTU,
mball212358,2335e756-fec2-42e6-91ab-221e6443186d,Active,ORE,
mball212358,2335e756-fec2-42e6-91ab-221e6443186d,Active,PUR,
mball212358,2335e756-fec2-42e6-91ab-221e6443186d,Active,MSU,
mball212358,2335e756-fec2-42e6-91ab-221e6443186d,Active,Unknown,
gfienberg17,27e5cd33-8a05-4a98-994a-2781f0e30fb7,Active,SJU,
gfienberg17,27e5cd33-8a05-4a98-994a-2781f0e30fb7,Active,CONN,
gfienberg17,27e5cd33-8a05-4a98-994a-2781f0e30fb7,Active,PUR,
gfienberg17,27e5cd33-8a05-4a98-994a-2781f0e30fb7,Active,MD,
gfienberg17,27e5cd33-8a05-4a98-994a-2781f0e30fb7,Active,Unknown,
IlliniWags,293bcaed-e796-48e4-a1ef-555177571b39,Active,GONZ,
IlliniWags,293bcaed-e796-48e4-a1ef-555177571b39,Active,ORE,
IlliniWags,293bcaed-e796-48e4-a1ef-555177571b39,Active,PUR,
IlliniWags,293bcaed-e796-48e4-a1ef-555177571b39,Active,MD,
IlliniWags,293bcaed-e796-48e4-a1ef-555177571b39,Active,Unknown,
princehal,2c1cec17-820d-4f11-90f7-57c073ee5250,Active,WIS,
princehal,2c1cec17-820d-4f11-90f7-57c073ee5250,Active,MD,
princehal,2c1cec17-820d-4f11-90f7-57c073ee5250,Active,TENN,
princehal,2c1cec17-820d-4f11-90f7-57c073ee5250,Active,ALA,
princehal,2c1cec17-820d-4f11-90f7-57c073ee5250,Active,Unknown,
tomzur8805,2e3ac401-219c-4df0-ad7d-9cd1aecdad12,Active,SJU,
tomzur8805,2e3ac401-219c-4df0-ad7d-9cd1aecdad12,Active,SMC,
tomzur8805,2e3ac401-219c-4df0-ad7d-9cd1aecdad12,Active,TENN,
tomzur8805,2e3ac401-219c-4df0-ad7d-9cd1aecdad12,Active,ALA,
tomzur8805,2e3ac401-219c-4df0-ad7d-9cd1aecdad12,Active,Unknown,
krank454,2efcc9e0-ef2f-47d0-b71f-cfb66d63179f,Active,WIS,
krank454,2efcc9e0-ef2f-47d0-b71f-cfb66d63179f,Active,ISU,
krank454,2efcc9e0-ef2f-47d0-b71f-cfb66d63179f,Active,TTU,
krank454,2efcc9e0-ef2f-47d0-b71f-cfb66d63179f,Active,MD,
krank454,2efcc9e0-ef2f-47d0-b71f-cfb66d63179f,Active,Unknown,
spina8,31bdf809-7e38-4319-8b11-1dcac70d3f48,Active,WIS,
spina8,31bdf809-7e38-4319-8b11-1dcac70d3f48,Active,UK,
spina8,31bdf809-7e38-4319-8b11-1dcac70d3f48,Active,PUR,
spina8,31bdf809-7e38-4319-8b11-1dcac70d3f48,Active,MD,
spina8,31bdf809-7e38-4319-8b11-1dcac70d3f48,Active,Unknown,
MAJORMOTION,32c3fd67-8641-47ae-b70d-668e69e7816f,Active,GONZ,
MAJORMOTION,32c3fd67-8641-47ae-b70d-668e69e7816f,Active,MD,
MAJORMOTION,32c3fd67-8641-47ae-b70d-668e69e7816f,Active,PUR,
MAJORMOTION,32c3fd67-8641-47ae-b70d-668e69e7816f,Active,ISU,
MAJORMOTION,32c3fd67-8641-47ae-b70d-668e69e7816f,Active,Unknown,
meko3434,335af5d6-1d65-4669-8fe9-e45603edfbe5,Active,TTU,
meko3434,335af5d6-1d65-4669-8fe9-e45603edfbe5,Active,ISU,
meko3434,335af5d6-1d65-4669-8fe9-e45603edfbe5,Active,TENN,
meko3434,335af5d6-1d65-4669-8fe9-e45603edfbe5,Active,MD,
meko3434,335af5d6-1d65-4669-8fe9-e45603edfbe5,Active,Unknown,
rundeep,33d8fe66-6089-4b28-afd0-04937050a8f3,Active,WIS,
rundeep,33d8fe66-6089-4b28-afd0-04937050a8f3,Active,UK,
rundeep,33d8fe66-6089-4b28-afd0-04937050a8f3,Active,TENN,
rundeep,33d8fe66-6089-4b28-afd0-04937050a8f3,Active,MSU,
rundeep,33d8fe66-6089-4b28-afd0-04937050a8f3,Active,Unknown,
cutmakerjeff,3a2d7fb9-8d18-4fb0-a27b-cbe3d2183e41,Active,SJU,
cutmakerjeff,3a2d7fb9-8d18-4fb0-a27b-cbe3d2183e41,Active,ISU,
cutmakerjeff,3a2d7fb9-8d18-4fb0-a27b-cbe3d2183e41,Active,TENN,
cutmakerjeff,3a2d7fb9-8d18-4fb0-a27b-cbe3d2183e41,Active,MSU,
cutmakerjeff,3a2d7fb9-8d18-4fb0-a27b-cbe3d2183e41,Active,Unknown,
gilburt21,3ecb088c-5615-4a4b-b406-6cb9da82cb25,Active,SJU,
gilburt21,3ecb088c-5615-4a4b-b406-6cb9da82cb25,Active,ARIZ,
gilburt21,3ecb088c-5615-4a4b-b406-6cb9da82cb25,Active,PUR,
gilburt21,3ecb088c-5615-4a4b-b406-6cb9da82cb25,Active,MD,
gilburt21,3ecb088c-5615-4a4b-b406-6cb9da82cb25,Active,Unknown,
gripdeez,3fa39902-b991-464d-8e24-39e157b40780,Active,GONZ,
gripdeez,3fa39902-b991-464d-8e24-39e157b40780,Active,CONN,
gripdeez,3fa39902-b991-464d-8e24-39e157b40780,Active,PUR,
gripdeez,3fa39902-b991-464d-8e24-39e157b40780,Active,ILL,
gripdeez,3fa39902-b991-464d-8e24-39e157b40780,Active,Unknown,
soft-team-2310,3fcafda4-b2c0-470e-902c-a9508aad6011,Active,PUR,
soft-team-2310,3fcafda4-b2c0-470e-902c-a9508aad6011,Active,ARIZ,
soft-team-2310,3fcafda4-b2c0-470e-902c-a9508aad6011,Active,TTU,
soft-team-2310,3fcafda4-b2c0-470e-902c-a9508aad6011,Active,MSU,
soft-team-2310,3fcafda4-b2c0-470e-902c-a9508aad6011,Active,Unknown,
tdubwins,4276285e-19a1-4aa2-a2bc-13b375d9d902,Active,WIS,
tdubwins,4276285e-19a1-4aa2-a2bc-13b375d9d902,Active,ISU,
tdubwins,4276285e-19a1-4aa2-a2bc-13b375d9d902,Active,PUR,
tdubwins,4276285e-19a1-4aa2-a2bc-13b375d9d902,Active,MD,
tdubwins,4276285e-19a1-4aa2-a2bc-13b375d9d902,Active,Unknown,
pelky33,447c4994-588a-4ef3-9924-ad354eb70bd7,Active,HOU,
pelky33,447c4994-588a-4ef3-9924-ad354eb70bd7,Active,ALA,
pelky33,447c4994-588a-4ef3-9924-ad354eb70bd7,Active,AUB,
pelky33,447c4994-588a-4ef3-9924-ad354eb70bd7,Active,FLA,
pelky33,447c4994-588a-4ef3-9924-ad354eb70bd7,Active,Unknown,
rrrius,46d5281e-96d2-4381-bf05-1426f8906808,Active,GONZ,
rrrius,46d5281e-96d2-4381-bf05-1426f8906808,Active,ARIZ,
rrrius,46d5281e-96d2-4381-bf05-1426f8906808,Active,TTU,
rrrius,46d5281e-96d2-4381-bf05-1426f8906808,Active,MD,
rrrius,46d5281e-96d2-4381-bf05-1426f8906808,Active,Unknown,
Matt-T-580,499547fd-82b7-43c3-b67b-c16e839043e9,Active,TENN,
Matt-T-580,499547fd-82b7-43c3-b67b-c16e839043e9,Active,ISU,
Matt-T-580,499547fd-82b7-43c3-b67b-c16e839043e9,Active,PUR,
Matt-T-580,499547fd-82b7-43c3-b67b-c16e839043e9,Active,MD,
Matt-T-580,499547fd-82b7-43c3-b67b-c16e839043e9,Active,Unknown,
walstib,4ace8ccc-7369-472c-b51e-b6ea632babe0,Active,GONZ,
walstib,4ace8ccc-7369-472c-b51e-b6ea632babe0,Active,SMC,
walstib,4ace8ccc-7369-472c-b51e-b6ea632babe0,Active,TENN,
walstib,4ace8ccc-7369-472c-b51e-b6ea632babe0,Active,MD,
walstib,4ace8ccc-7369-472c-b51e-b6ea632babe0,Active,Unknown,
jackl24,4b0a9ccd-e15a-41b1-a68e-f39a84ff81f9,Active,HOU,
jackl24,4b0a9ccd-e15a-41b1-a68e-f39a84ff81f9,Active,MSU,
jackl24,4b0a9ccd-e15a-41b1-a68e-f39a84ff81f9,Active,TTU,
jackl24,4b0a9ccd-e15a-41b1-a68e-f39a84ff81f9,Active,MD,
jackl24,4b0a9ccd-e15a-41b1-a68e-f39a84ff81f9,Active,Unknown,
Unknown,4b274d07-d096-4b08-870d-7051b42548e6,Active,WIS,
Unknown,4b274d07-d096-4b08-870d-7051b42548e6,Active,MD,
Unknown,4b274d07-d096-4b08-870d-7051b42548e6,Active,TENN,
Unknown,4b274d07-d096-4b08-870d-7051b42548e6,Active,MSU,
Unknown,4b274d07-d096-4b08-870d-7051b42548e6,Active,Unknown,
Gcolantino,4db9a62c-98df-491c-98f0-ea2e26e8aac6,Active,GONZ,
Gcolantino,4db9a62c-98df-491c-98f0-ea2e26e8aac6,Active,UK,
Gcolantino,4db9a62c-98df-491c-98f0-ea2e26e8aac6,Active,PUR,
Gcolantino,4db9a62c-98df-491c-98f0-ea2e26e8aac6,Active,ISU,
Gcolantino,4db9a62c-98df-491c-98f0-ea2e26e8aac6,Active,Unknown,
Sweenbean34,4dbe25bd-4cf5-48ea-bc81-6da6e5ccbd44,Active,WIS,
Sweenbean34,4dbe25bd-4cf5-48ea-bc81-6da6e5ccbd44,Active,ARIZ,
Sweenbean34,4dbe25bd-4cf5-48ea-bc81-6da6e5ccbd44,Active,TTU,
Sweenbean34,4dbe25bd-4cf5-48ea-bc81-6da6e5ccbd44,Active,MD,
Sweenbean34,4dbe25bd-4cf5-48ea-bc81-6da6e5ccbd44,Active,Unknown,
rxbandit,4ea9d7ef-067b-49cc-acb5-e3cf9d677d05,Active,SJU,
rxbandit,4ea9d7ef-067b-49cc-acb5-e3cf9d677d05,Active,ALA,
rxbandit,4ea9d7ef-067b-49cc-acb5-e3cf9d677d05,Active,TENN,
rxbandit,4ea9d7ef-067b-49cc-acb5-e3cf9d677d05,Active,MD,
rxbandit,4ea9d7ef-067b-49cc-acb5-e3cf9d677d05,Active,Unknown,
KPRAMPIN,4f19bc7b-9a4d-40a3-8d2d-bb730a1866c5,Active,TXAM,
KPRAMPIN,4f19bc7b-9a4d-40a3-8d2d-bb730a1866c5,Active,ARIZ,
KPRAMPIN,4f19bc7b-9a4d-40a3-8d2d-bb730a1866c5,Active,BYU,
KPRAMPIN,4f19bc7b-9a4d-40a3-8d2d-bb730a1866c5,Active,ISU,
KPRAMPIN,4f19bc7b-9a4d-40a3-8d2d-bb730a1866c5,Active,Unknown,
Ariab62,4f1a8776-7975-44e8-813a-a0f94f0428c6,Active,SJU,
Ariab62,4f1a8776-7975-44e8-813a-a0f94f0428c6,Active,UK,
Ariab62,4f1a8776-7975-44e8-813a-a0f94f0428c6,Active,TTU,
Ariab62,4f1a8776-7975-44e8-813a-a0f94f0428c6,Active,MD,
Ariab62,4f1a8776-7975-44e8-813a-a0f94f0428c6,Active,Unknown,
BRANDON-PHILLIPS,55286a4a-5143-4834-b4a1-f1124eac314c,Active,SJU,
BRANDON-PHILLIPS,55286a4a-5143-4834-b4a1-f1124eac314c,Active,ARIZ,
BRANDON-PHILLIPS,55286a4a-5143-4834-b4a1-f1124eac314c,Active,TENN,
BRANDON-PHILLIPS,55286a4a-5143-4834-b4a1-f1124eac314c,Active,MD,
BRANDON-PHILLIPS,55286a4a-5143-4834-b4a1-f1124eac314c,Active,Unknown,
mattholden1231,56269f0e-dba2-43d9-b5bb-62c3d0543c38,Active,SJU,
mattholden1231,56269f0e-dba2-43d9-b5bb-62c3d0543c38,Active,ISU,
mattholden1231,56269f0e-dba2-43d9-b5bb-62c3d0543c38,Active,PUR,
mattholden1231,56269f0e-dba2-43d9-b5bb-62c3d0543c38,Active,MD,
mattholden1231,56269f0e-dba2-43d9-b5bb-62c3d0543c38,Active,Unknown,
nrm96,568f38bc-3456-4219-adbf-490e57dd2630,Active,GONZ,
nrm96,568f38bc-3456-4219-adbf-490e57dd2630,Active,SMC,
nrm96,568f38bc-3456-4219-adbf-490e57dd2630,Active,PUR,
nrm96,568f38bc-3456-4219-adbf-490e57dd2630,Active,MD,
nrm96,568f38bc-3456-4219-adbf-490e57dd2630,Active,Unknown,
Jpsull1,56e68d07-d1ae-4bac-8f73-c1c66b39e545,Active,WIS,
Jpsull1,56e68d07-d1ae-4bac-8f73-c1c66b39e545,Active,ISU,
Jpsull1,56e68d07-d1ae-4bac-8f73-c1c66b39e545,Active,TTU,
Jpsull1,56e68d07-d1ae-4bac-8f73-c1c66b39e545,Active,MD,
Jpsull1,56e68d07-d1ae-4bac-8f73-c1c66b39e545,Active,Unknown,
tommya990011,577d5e94-ee77-4439-b688-2178d4d2c8dc,Active,SJU,
tommya990011,577d5e94-ee77-4439-b688-2178d4d2c8dc,Active,UK,
tommya990011,577d5e94-ee77-4439-b688-2178d4d2c8dc,Active,PUR,
tommya990011,577d5e94-ee77-4439-b688-2178d4d2c8dc,Active,MD,
tommya990011,577d5e94-ee77-4439-b688-2178d4d2c8dc,Active,Unknown,
profschneebly,57b34dd5-3c0f-4c58-bb9a-5ebab12cb50d,Active,PUR,
profschneebly,57b34dd5-3c0f-4c58-bb9a-5ebab12cb50d,Active,ALA,
profschneebly,57b34dd5-3c0f-4c58-bb9a-5ebab12cb50d,Active,TTU,
profschneebly,57b34dd5-3c0f-4c58-bb9a-5ebab12cb50d,Active,MD,
profschneebly,57b34dd5-3c0f-4c58-bb9a-5ebab12cb50d,Active,Unknown,
zherro9,5b54155d-e4b7-485c-91b0-3c7e9b970d51,Active,GONZ,
zherro9,5b54155d-e4b7-485c-91b0-3c7e9b970d51,Active,ARIZ,
zherro9,5b54155d-e4b7-485c-91b0-3c7e9b970d51,Active,TTU,
zherro9,5b54155d-e4b7-485c-91b0-3c7e9b970d51,Active,MD,
zherro9,5b54155d-e4b7-485c-91b0-3c7e9b970d51,Active,Unknown,
mikeemanning,5d3fe84a-d878-45c5-8622-edb36dcb8282,Active,UCLA,
mikeemanning,5d3fe84a-d878-45c5-8622-edb36dcb8282,Active,CONN,
mikeemanning,5d3fe84a-d878-45c5-8622-edb36dcb8282,Active,BYU,
mikeemanning,5d3fe84a-d878-45c5-8622-edb36dcb8282,Active,MD,
mikeemanning,5d3fe84a-d878-45c5-8622-edb36dcb8282,Active,Unknown,
Weiss,5dfedf21-00a7-4566-9912-a045020e89d7,Active,WIS,
Weiss,5dfedf21-00a7-4566-9912-a045020e89d7,Active,UK,
Weiss,5dfedf21-00a7-4566-9912-a045020e89d7,Active,BYU,
Weiss,5dfedf21-00a7-4566-9912-a045020e89d7,Active,CSU,
Weiss,5dfedf21-00a7-4566-9912-a045020e89d7,Active,Unknown,
nba12345,5e80adec-40f0-46cf-878b-469fee7f0084,Active,WIS,
nba12345,5e80adec-40f0-46cf-878b-469fee7f0084,Active,ORE,
nba12345,5e80adec-40f0-46cf-878b-469fee7f0084,Active,TTU,
nba12345,5e80adec-40f0-46cf-878b-469fee7f0084,Active,MD,
nba12345,5e80adec-40f0-46cf-878b-469fee7f0084,Active,Unknown,
chadschroeder,5f97e553-3ae3-48db-97c5-949df269a2e9,Active,PUR,
chadschroeder,5f97e553-3ae3-48db-97c5-949df269a2e9,Active,ARIZ,
chadschroeder,5f97e553-3ae3-48db-97c5-949df269a2e9,Active,TTU,
chadschroeder,5f97e553-3ae3-48db-97c5-949df269a2e9,Active,ISU,
chadschroeder,5f97e553-3ae3-48db-97c5-949df269a2e9,Active,Unknown,
jrtaylor,6240bf81-8b7c-4d4c-bac3-45ea56ec995a,Active,PUR,
jrtaylor,6240bf81-8b7c-4d4c-bac3-45ea56ec995a,Active,ARIZ,
jrtaylor,6240bf81-8b7c-4d4c-bac3-45ea56ec995a,Active,TENN,
jrtaylor,6240bf81-8b7c-4d4c-bac3-45ea56ec995a,Active,MD,
jrtaylor,6240bf81-8b7c-4d4c-bac3-45ea56ec995a,Active,Unknown,
gjanssen7,6362199f-61e1-489a-83f4-a70d46908878,Active,SJU,
gjanssen7,6362199f-61e1-489a-83f4-a70d46908878,Active,ALA,
gjanssen7,6362199f-61e1-489a-83f4-a70d46908878,Active,PUR,
gjanssen7,6362199f-61e1-489a-83f4-a70d46908878,Active,MD,
gjanssen7,6362199f-61e1-489a-83f4-a70d46908878,Active,Unknown,
chiduck7,68649c7a-d55b-4c34-8af5-b0e090b9c298,Active,GONZ,
chiduck7,68649c7a-d55b-4c34-8af5-b0e090b9c298,Active,ORE,
chiduck7,68649c7a-d55b-4c34-8af5-b0e090b9c298,Active,TENN,
chiduck7,68649c7a-d55b-4c34-8af5-b0e090b9c298,Active,MD,
chiduck7,68649c7a-d55b-4c34-8af5-b0e090b9c298,Active,Unknown,
ryanomara,6a6f287b-d495-4797-bc4b-cb707d30c840,Active,GONZ,
ryanomara,6a6f287b-d495-4797-bc4b-cb707d30c840,Active,CONN,
ryanomara,6a6f287b-d495-4797-bc4b-cb707d30c840,Active,PUR,
ryanomara,6a6f287b-d495-4797-bc4b-cb707d30c840,Active,MD,
ryanomara,6a6f287b-d495-4797-bc4b-cb707d30c840,Active,Unknown,
madelman,6b2053b7-e3a1-498a-ada4-cad995205fe3,Active,GONZ,
madelman,6b2053b7-e3a1-498a-ada4-cad995205fe3,Active,ORE,
madelman,6b2053b7-e3a1-498a-ada4-cad995205fe3,Active,TTU,
madelman,6b2053b7-e3a1-498a-ada4-cad995205fe3,Active,MD,
madelman,6b2053b7-e3a1-498a-ada4-cad995205fe3,Active,Unknown,
dscallon,6b9cc4c6-2983-4aa3-8425-a27f2b090261,Active,TTU,
dscallon,6b9cc4c6-2983-4aa3-8425-a27f2b090261,Active,ARIZ,
dscallon,6b9cc4c6-2983-4aa3-8425-a27f2b090261,Active,PUR,
dscallon,6b9cc4c6-2983-4aa3-8425-a27f2b090261,Active,MSU,
dscallon,6b9cc4c6-2983-4aa3-8425-a27f2b090261,Active,Unknown,
dbeyer,7099b272-fc36-4a12-92af-e3fcbecb9310,Active,WIS,
dbeyer,7099b272-fc36-4a12-92af-e3fcbecb9310,Active,ARIZ,
dbeyer,7099b272-fc36-4a12-92af-e3fcbecb9310,Active,TTU,
dbeyer,7099b272-fc36-4a12-92af-e3fcbecb9310,Active,MSU,
dbeyer,7099b272-fc36-4a12-92af-e3fcbecb9310,Active,Unknown,
ello,7341488c-7c61-4c8c-a867-6328a0bbba09,Active,GONZ,
ello,7341488c-7c61-4c8c-a867-6328a0bbba09,Active,SMC,
ello,7341488c-7c61-4c8c-a867-6328a0bbba09,Active,PUR,
ello,7341488c-7c61-4c8c-a867-6328a0bbba09,Active,MD,
ello,7341488c-7c61-4c8c-a867-6328a0bbba09,Active,Unknown,
caitlinclark,770d0ed0-90e4-4ba0-a325-e12268ae4b5c,Active,CREI,
caitlinclark,770d0ed0-90e4-4ba0-a325-e12268ae4b5c,Active,BAY,
caitlinclark,770d0ed0-90e4-4ba0-a325-e12268ae4b5c,Active,PUR,
caitlinclark,770d0ed0-90e4-4ba0-a325-e12268ae4b5c,Active,MD,
caitlinclark,770d0ed0-90e4-4ba0-a325-e12268ae4b5c,Active,Unknown,
soon-time-7402,770d8a67-cdce-4418-a2f2-840ff3da3a39,Active,SJU,
soon-time-7402,770d8a67-cdce-4418-a2f2-840ff3da3a39,Active,MSU,
soon-time-7402,770d8a67-cdce-4418-a2f2-840ff3da3a39,Active,TTU,
soon-time-7402,770d8a67-cdce-4418-a2f2-840ff3da3a39,Active,MD,
soon-time-7402,770d8a67-cdce-4418-a2f2-840ff3da3a39,Active,Unknown,
gardenstate,7726a2d1-abf1-4f83-a8ba-1380bc63e9df,Active,SJU,
gardenstate,7726a2d1-abf1-4f83-a8ba-1380bc63e9df,Active,ARIZ,
gardenstate,7726a2d1-abf1-4f83-a8ba-1380bc63e9df,Active,TENN,
gardenstate,7726a2d1-abf1-4f83-a8ba-1380bc63e9df,Active,MD,
gardenstate,7726a2d1-abf1-4f83-a8ba-1380bc63e9df,Active,Unknown,
elohmann91,79d93d56-ba17-4e13-b266-c40725c01b30,Active,GONZ,
elohmann91,79d93d56-ba17-4e13-b266-c40725c01b30,Active,CONN,
elohmann91,79d93d56-ba17-4e13-b266-c40725c01b30,Active,PUR,
elohmann91,79d93d56-ba17-4e13-b266-c40725c01b30,Active,MD,
elohmann91,79d93d56-ba17-4e13-b266-c40725c01b30,Active,Unknown,
bandabear7,7a31bcbd-ae60-4886-877b-b1f00744fa9b,Active,UCLA,
bandabear7,7a31bcbd-ae60-4886-877b-b1f00744fa9b,Active,MD,
bandabear7,7a31bcbd-ae60-4886-877b-b1f00744fa9b,Active,TTU,
bandabear7,7a31bcbd-ae60-4886-877b-b1f00744fa9b,Active,MSU,
bandabear7,7a31bcbd-ae60-4886-877b-b1f00744fa9b,Active,Unknown,
bigbd,7f957390-ec28-4691-9bb6-04f5f2048f37,Active,WIS,
bigbd,7f957390-ec28-4691-9bb6-04f5f2048f37,Active,ARIZ,
bigbd,7f957390-ec28-4691-9bb6-04f5f2048f37,Active,PUR,
bigbd,7f957390-ec28-4691-9bb6-04f5f2048f37,Active,MSU,
bigbd,7f957390-ec28-4691-9bb6-04f5f2048f37,Active,Unknown,
casti,82695f13-49af-4b9e-beff-93bc6212b2f4,Active,WIS,
casti,82695f13-49af-4b9e-beff-93bc6212b2f4,Active,ISU,
casti,82695f13-49af-4b9e-beff-93bc6212b2f4,Active,PUR,
casti,82695f13-49af-4b9e-beff-93bc6212b2f4,Active,MD,
casti,82695f13-49af-4b9e-beff-93bc6212b2f4,Active,Unknown,
jakefish19,845c0e41-d44d-41be-ae01-b46558337705,Active,WIS,
jakefish19,845c0e41-d44d-41be-ae01-b46558337705,Active,ISU,
jakefish19,845c0e41-d44d-41be-ae01-b46558337705,Active,PUR,
jakefish19,845c0e41-d44d-41be-ae01-b46558337705,Active,MD,
jakefish19,845c0e41-d44d-41be-ae01-b46558337705,Active,Unknown,
Matt-Ploger,88e7f5c1-004d-4772-9cd3-030ffc3452f1,Active,PUR,
Matt-Ploger,88e7f5c1-004d-4772-9cd3-030ffc3452f1,Active,UK,
Matt-Ploger,88e7f5c1-004d-4772-9cd3-030ffc3452f1,Active,TTU,
Matt-Ploger,88e7f5c1-004d-4772-9cd3-030ffc3452f1,Active,MD,
Matt-Ploger,88e7f5c1-004d-4772-9cd3-030ffc3452f1,Active,Unknown,
wisrebird,8950abf4-a3a1-40b9-95bf-246762b9fc7b,Active,WIS,
wisrebird,8950abf4-a3a1-40b9-95bf-246762b9fc7b,Active,ORE,
wisrebird,8950abf4-a3a1-40b9-95bf-246762b9fc7b,Active,PUR,
wisrebird,8950abf4-a3a1-40b9-95bf-246762b9fc7b,Active,MD,
wisrebird,8950abf4-a3a1-40b9-95bf-246762b9fc7b,Active,Unknown,
born6350,91aa9e85-29b6-46c0-82ee-389d00050d8c,Active,PUR,
born6350,91aa9e85-29b6-46c0-82ee-389d00050d8c,Active,CSU,
born6350,91aa9e85-29b6-46c0-82ee-389d00050d8c,Active,BYU,
born6350,91aa9e85-29b6-46c0-82ee-389d00050d8c,Active,MD,
born6350,91aa9e85-29b6-46c0-82ee-389d00050d8c,Active,Unknown,
scotthitch-RQJI,91d69d10-2f31-4bba-aea2-ca6842703e63,Active,SJU,
scotthitch-RQJI,91d69d10-2f31-4bba-aea2-ca6842703e63,Active,MSU,
scotthitch-RQJI,91d69d10-2f31-4bba-aea2-ca6842703e63,Active,PUR,
scotthitch-RQJI,91d69d10-2f31-4bba-aea2-ca6842703e63,Active,ALA,
scotthitch-RQJI,91d69d10-2f31-4bba-aea2-ca6842703e63,Active,Unknown,
goodfella,9c07bb5a-5ea6-416c-a1aa-f96540ae8800,Active,WIS,
goodfella,9c07bb5a-5ea6-416c-a1aa-f96540ae8800,Active,UK,
goodfella,9c07bb5a-5ea6-416c-a1aa-f96540ae8800,Active,TTU,
goodfella,9c07bb5a-5ea6-416c-a1aa-f96540ae8800,Active,MD,
goodfella,9c07bb5a-5ea6-416c-a1aa-f96540ae8800,Active,Unknown,
bries,a3c578dc-1729-46f3-ac88-9287d247f080,Active,WIS,
bries,a3c578dc-1729-46f3-ac88-9287d247f080,Active,MD,
bries,a3c578dc-1729-46f3-ac88-9287d247f080,Active,PUR,
bries,a3c578dc-1729-46f3-ac88-9287d247f080,Active,MSU,
bries,a3c578dc-1729-46f3-ac88-9287d247f080,Active,Unknown,
goatkat,a4ed98e6-fb4f-4531-9642-605436e2ba19,Active,SJU,
goatkat,a4ed98e6-fb4f-4531-9642-605436e2ba19,Active,SMC,
goatkat,a4ed98e6-fb4f-4531-9642-605436e2ba19,Active,PUR,
goatkat,a4ed98e6-fb4f-4531-9642-605436e2ba19,Active,MD,
goatkat,a4ed98e6-fb4f-4531-9642-605436e2ba19,Active,Unknown,
workdogmc94,a89ecd22-6b54-4bd4-b856-b06fdd37b76b,Active,WIS,
workdogmc94,a89ecd22-6b54-4bd4-b856-b06fdd37b76b,Active,UK,
workdogmc94,a89ecd22-6b54-4bd4-b856-b06fdd37b76b,Active,TTU,
workdogmc94,a89ecd22-6b54-4bd4-b856-b06fdd37b76b,Active,MD,
workdogmc94,a89ecd22-6b54-4bd4-b856-b06fdd37b76b,Active,Unknown,
jdcox22,acb27a41-6cb6-48d9-8fd0-6885f75afbd0,Active,GONZ,
jdcox22,acb27a41-6cb6-48d9-8fd0-6885f75afbd0,Active,ARIZ,
jdcox22,acb27a41-6cb6-48d9-8fd0-6885f75afbd0,Active,PUR,
jdcox22,acb27a41-6cb6-48d9-8fd0-6885f75afbd0,Active,MD,
jdcox22,acb27a41-6cb6-48d9-8fd0-6885f75afbd0,Active,Unknown,
harrison22,ad05ee10-09d2-412d-93ae-a8d639a7a10e,Active,SJU,
harrison22,ad05ee10-09d2-412d-93ae-a8d639a7a10e,Active,UK,
harrison22,ad05ee10-09d2-412d-93ae-a8d639a7a10e,Active,TENN,
harrison22,ad05ee10-09d2-412d-93ae-a8d639a7a10e,Active,MD,
harrison22,ad05ee10-09d2-412d-93ae-a8d639a7a10e,Active,Unknown,
milanpatel,ae413b72-7a78-4337-9ef9-b9cf253abbbf,Active,WIS,
milanpatel,ae413b72-7a78-4337-9ef9-b9cf253abbbf,Active,CONN,
milanpatel,ae413b72-7a78-4337-9ef9-b9cf253abbbf,Active,TTU,
milanpatel,ae413b72-7a78-4337-9ef9-b9cf253abbbf,Active,MD,
milanpatel,ae413b72-7a78-4337-9ef9-b9cf253abbbf,Active,Unknown,
j9reck1,afc12465-5e68-42f8-90aa-943230975ae9,Active,WIS,
j9reck1,afc12465-5e68-42f8-90aa-943230975ae9,Active,UK,
j9reck1,afc12465-5e68-42f8-90aa-943230975ae9,Active,PUR,
j9reck1,afc12465-5e68-42f8-90aa-943230975ae9,Active,MD,
j9reck1,afc12465-5e68-42f8-90aa-943230975ae9,Active,Unknown,
curchofdressel,aff2284c-70a7-4896-b49c-2e0875817e50,Active,WIS,
curchofdressel,aff2284c-70a7-4896-b49c-2e0875817e50,Active,UK,
curchofdressel,aff2284c-70a7-4896-b49c-2e0875817e50,Active,PUR,
curchofdressel,aff2284c-70a7-4896-b49c-2e0875817e50,Active,MD,
curchofdressel,aff2284c-70a7-4896-b49c-2e0875817e50,Active,Unknown,
sadadam,b28e4c8a-698c-4c97-a08a-1e09fb27651b,Active,SJU,
sadadam,b28e4c8a-698c-4c97-a08a-1e09fb27651b,Active,MD,
sadadam,b28e4c8a-698c-4c97-a08a-1e09fb27651b,Active,TTU,
sadadam,b28e4c8a-698c-4c97-a08a-1e09fb27651b,Active,ALA,
sadadam,b28e4c8a-698c-4c97-a08a-1e09fb27651b,Active,Unknown,
beardown9,b7b24485-6ebb-4f88-8edf-fd241f219bef,Active,WIS,
beardown9,b7b24485-6ebb-4f88-8edf-fd241f219bef,Active,ALA,
beardown9,b7b24485-6ebb-4f88-8edf-fd241f219bef,Active,TTU,
beardown9,b7b24485-6ebb-4f88-8edf-fd241f219bef,Active,MD,
beardown9,b7b24485-6ebb-4f88-8edf-fd241f219bef,Active,Unknown,
klemper77,bb2c6822-718d-47ff-a5be-bd43fd89c9e6,Active,TXAM,
klemper77,bb2c6822-718d-47ff-a5be-bd43fd89c9e6,Active,ORE,
klemper77,bb2c6822-718d-47ff-a5be-bd43fd89c9e6,Active,PUR,
klemper77,bb2c6822-718d-47ff-a5be-bd43fd89c9e6,Active,ILL,
klemper77,bb2c6822-718d-47ff-a5be-bd43fd89c9e6,Active,Unknown,
donjohn,bbb1e2db-45e1-4792-9042-86890042b446,Active,GONZ,
donjohn,bbb1e2db-45e1-4792-9042-86890042b446,Active,ISU,
donjohn,bbb1e2db-45e1-4792-9042-86890042b446,Active,PUR,
donjohn,bbb1e2db-45e1-4792-9042-86890042b446,Active,MD,
donjohn,bbb1e2db-45e1-4792-9042-86890042b446,Active,Unknown,
cg326,bbf6f305-b9de-4b79-ad86-b0b397bc3664,Active,UCLA,
cg326,bbf6f305-b9de-4b79-ad86-b0b397bc3664,Active,ORE,
cg326,bbf6f305-b9de-4b79-ad86-b0b397bc3664,Active,PUR,
cg326,bbf6f305-b9de-4b79-ad86-b0b397bc3664,Active,MD,
cg326,bbf6f305-b9de-4b79-ad86-b0b397bc3664,Active,Unknown,
MARK60172,c7e8eed7-ac2b-494b-b287-b9b1776f2c9e,Active,PUR,
MARK60172,c7e8eed7-ac2b-494b-b287-b9b1776f2c9e,Active,ISU,
MARK60172,c7e8eed7-ac2b-494b-b287-b9b1776f2c9e,Active,TTU,
MARK60172,c7e8eed7-ac2b-494b-b287-b9b1776f2c9e,Active,MD,
MARK60172,c7e8eed7-ac2b-494b-b287-b9b1776f2c9e,Active,Unknown,
Shawn-with-a-W,c8b43bd4-c5e7-4765-8a9d-be8763fd48c3,Active,TTU,
Shawn-with-a-W,c8b43bd4-c5e7-4765-8a9d-be8763fd48c3,Active,ARIZ,
Shawn-with-a-W,c8b43bd4-c5e7-4765-8a9d-be8763fd48c3,Active,TENN,
Shawn-with-a-W,c8b43bd4-c5e7-4765-8a9d-be8763fd48c3,Active,MD,
Shawn-with-a-W,c8b43bd4-c5e7-4765-8a9d-be8763fd48c3,Active,Unknown,
kul,c936f46f-3b65-4f59-9ea3-171383c9ea8f,Active,TTU,
kul,c936f46f-3b65-4f59-9ea3-171383c9ea8f,Active,ISU,
kul,c936f46f-3b65-4f59-9ea3-171383c9ea8f,Active,PUR,
kul,c936f46f-3b65-4f59-9ea3-171383c9ea8f,Active,MD,
kul,c936f46f-3b65-4f59-9ea3-171383c9ea8f,Active,Unknown,
ebsteelers,ddd88f94-4ffc-463e-b130-6f07815840f3,Active,TENN,
ebsteelers,ddd88f94-4ffc-463e-b130-6f07815840f3,Active,ALA,
ebsteelers,ddd88f94-4ffc-463e-b130-6f07815840f3,Active,PUR,
ebsteelers,ddd88f94-4ffc-463e-b130-6f07815840f3,Active,FLA,
ebsteelers,ddd88f94-4ffc-463e-b130-6f07815840f3,Active,Unknown,
hoffytime,deb2a38b-f901-4de8-b240-e5b6e8edf595,Active,WIS,
hoffytime,deb2a38b-f901-4de8-b240-e5b6e8edf595,Active,ISU,
hoffytime,deb2a38b-f901-4de8-b240-e5b6e8edf595,Active,PUR,
hoffytime,deb2a38b-f901-4de8-b240-e5b6e8edf595,Active,MD,
hoffytime,deb2a38b-f901-4de8-b240-e5b6e8edf595,Active,Unknown,
fair-try-5411,defc7e57-25ab-410d-be67-8a0f5b57a1d0,Active,PUR,
fair-try-5411,defc7e57-25ab-410d-be67-8a0f5b57a1d0,Active,CONN,
fair-try-5411,defc7e57-25ab-410d-be67-8a0f5b57a1d0,Active,TENN,
fair-try-5411,defc7e57-25ab-410d-be67-8a0f5b57a1d0,Active,MSU,
fair-try-5411,defc7e57-25ab-410d-be67-8a0f5b57a1d0,Active,Unknown,
tdub714,e2d516ae-69eb-4562-98c5-76ddada311c9,Active,UCLA,
tdub714,e2d516ae-69eb-4562-98c5-76ddada311c9,Active,ARIZ,
tdub714,e2d516ae-69eb-4562-98c5-76ddada311c9,Active,TTU,
tdub714,e2d516ae-69eb-4562-98c5-76ddada311c9,Active,ILL,
tdub714,e2d516ae-69eb-4562-98c5-76ddada311c9,Active,Unknown,
Parkins-162,e3ff877f-d90c-4618-8050-3f4b5e1f4073,Active,GONZ,
Parkins-162,e3ff877f-d90c-4618-8050-3f4b5e1f4073,Active,ARIZ,
Parkins-162,e3ff877f-d90c-4618-8050-3f4b5e1f4073,Active,TTU,
Parkins-162,e3ff877f-d90c-4618-8050-3f4b5e1f4073,Active,ISU,
Parkins-162,e3ff877f-d90c-4618-8050-3f4b5e1f4073,Active,Unknown,
djprough,e43c9925-cf1b-4a9f-a547-c6a70c948a55,Active,PUR,
djprough,e43c9925-cf1b-4a9f-a547-c6a70c948a55,Active,MD,
djprough,e43c9925-cf1b-4a9f-a547-c6a70c948a55,Active,TTU,
djprough,e43c9925-cf1b-4a9f-a547-c6a70c948a55,Active,ALA,
djprough,e43c9925-cf1b-4a9f-a547-c6a70c948a55,Active,Unknown,
nortroll,e90532ee-2c92-41b2-b961-dbdcc8281309,Active,CREI,
nortroll,e90532ee-2c92-41b2-b961-dbdcc8281309,Active,ARIZ,
nortroll,e90532ee-2c92-41b2-b961-dbdcc8281309,Active,TTU,
nortroll,e90532ee-2c92-41b2-b961-dbdcc8281309,Active,MD,
nortroll,e90532ee-2c92-41b2-b961-dbdcc8281309,Active,Unknown,
berra008,eac63d9c-41f0-46d1-a8a5-e254422d443c,Active,GONZ,
berra008,eac63d9c-41f0-46d1-a8a5-e254422d443c,Active,CONN,
berra008,eac63d9c-41f0-46d1-a8a5-e254422d443c,Active,PUR,
berra008,eac63d9c-41f0-46d1-a8a5-e254422d443c,Active,MD,
berra008,eac63d9c-41f0-46d1-a8a5-e254422d443c,Active,Unknown,
fallonbros,ec6b2d8f-893a-4ddb-bb94-6a71e9a8fcd4,Active,WIS,
fallonbros,ec6b2d8f-893a-4ddb-bb94-6a71e9a8fcd4,Active,UK,
fallonbros,ec6b2d8f-893a-4ddb-bb94-6a71e9a8fcd4,Active,PUR,
fallonbros,ec6b2d8f-893a-4ddb-bb94-6a71e9a8fcd4,Active,MD,
fallonbros,ec6b2d8f-893a-4ddb-bb94-6a71e9a8fcd4,Active,Unknown,
GMSQ,ee7c1dd6-6630-4536-a086-3812ed3154eb,Active,UCLA,
GMSQ,ee7c1dd6-6630-4536-a086-3812ed3154eb,Active,ARIZ,
GMSQ,ee7c1dd6-6630-4536-a086-3812ed3154eb,Active,PUR,
GMSQ,ee7c1dd6-6630-4536-a086-3812ed3154eb,Active,MD,
GMSQ,ee7c1dd6-6630-4536-a086-3812ed3154eb,Active,Unknown,
joebags7,eed1ffba-8fa8-422d-b002-000309f14351,Active,SJU,
joebags7,eed1ffba-8fa8-422d-b002-000309f14351,Active,UK,
joebags7,eed1ffba-8fa8-422d-b002-000309f14351,Active,TENN,
joebags7,eed1ffba-8fa8-422d-b002-000309f14351,Active,ILL,
joebags7,eed1ffba-8fa8-422d-b002-000309f14351,Active,Unknown,
clobberdoof,f05f19ef-6a76-4192-9859-1d0645335992,Active,GONZ,
clobberdoof,f05f19ef-6a76-4192-9859-1d0645335992,Active,CONN,
clobberdoof,f05f19ef-6a76-4192-9859-1d0645335992,Active,PUR,
clobberdoof,f05f19ef-6a76-4192-9859-1d0645335992,Active,MD,
clobberdoof,f05f19ef-6a76-4192-9859-1d0645335992,Active,Unknown,
bigskinny,f15dada6-6ddd-40bf-a5bd-69ccd66f0c66,Active,WIS,
bigskinny,f15dada6-6ddd-40bf-a5bd-69ccd66f0c66,Active,MSU,
bigskinny,f15dada6-6ddd-40bf-a5bd-69ccd66f0c66,Active,PUR,
bigskinny,f15dada6-6ddd-40bf-a5bd-69ccd66f0c66,Active,MD,
bigskinny,f15dada6-6ddd-40bf-a5bd-69ccd66f0c66,Active,Unknown,
eric22,f1e46fae-c355-4be8-bedf-3f47e79197a5,Active,PUR,
eric22,f1e46fae-c355-4be8-bedf-3f47e79197a5,Active,ARIZ,
eric22,f1e46fae-c355-4be8-bedf-3f47e79197a5,Active,TENN,
eric22,f1e46fae-c355-4be8-bedf-3f47e79197a5,Active,MD,
eric22,f1e46fae-c355-4be8-bedf-3f47e79197a5,Active,Unknown,
neverlose,f34c018f-dad2-4627-b612-15a32fe96566,Active,WIS,
neverlose,f34c018f-dad2-4627-b612-15a32fe96566,Active,ARIZ,
neverlose,f34c018f-dad2-4627-b612-15a32fe96566,Active,TTU,
neverlose,f34c018f-dad2-4627-b612-15a32fe96566,Active,ALA,
neverlose,f34c018f-dad2-4627-b612-15a32fe96566,Active,Unknown,
mjs1091,f36b69bd-a176-49b3-a681-0b5608b1aac5,Active,AUB,
mjs1091,f36b69bd-a176-49b3-a681-0b5608b1aac5,Active,ARIZ,
mjs1091,f36b69bd-a176-49b3-a681-0b5608b1aac5,Active,PUR,
mjs1091,f36b69bd-a176-49b3-a681-0b5608b1aac5,Active,MISS,
mjs1091,f36b69bd-a176-49b3-a681-0b5608b1aac5,Active,Unknown,
quietwinner,f7075c40-4fdf-41c3-803b-be12b0b60415,Active,TXAM,
quietwinner,f7075c40-4fdf-41c3-803b-be12b0b60415,Active,UK,
quietwinner,f7075c40-4fdf-41c3-803b-be12b0b60415,Active,TTU,
quietwinner,f7075c40-4fdf-41c3-803b-be12b0b60415,Active,MD,
quietwinner,f7075c40-4fdf-41c3-803b-be12b0b60415,Active,Unknown,
roofersdoitontop,f93647d2-e181-474d-ac18-60088b6e0d2d,Active,TENN,
roofersdoitontop,f93647d2-e181-474d-ac18-60088b6e0d2d,Active,ISU,
roofersdoitontop,f93647d2-e181-474d-ac18-60088b6e0d2d,Active,TTU,
roofersdoitontop,f93647d2-e181-474d-ac18-60088b6e0d2d,Active,MD,
roofersdoitontop,f93647d2-e181-474d-ac18-60088b6e0d2d,Active,Unknown,
aerdwurm,f97d8d6b-e74c-4c84-8f17-bd517e2efbc0,Active,WIS,
aerdwurm,f97d8d6b-e74c-4c84-8f17-bd517e2efbc0,Active,UK,
aerdwurm,f97d8d6b-e74c-4c84-8f17-bd517e2efbc0,Active,TTU,
aerdwurm,f97d8d6b-e74c-4c84-8f17-bd517e2efbc0,Active,MSU,
aerdwurm,f97d8d6b-e74c-4c84-8f17-bd517e2efbc0,Active,Unknown,
soriak,fd245b75-4010-419f-b80c-e83171ae5061,Active,GONZ,
soriak,fd245b75-4010-419f-b80c-e83171ae5061,Active,ORE,
soriak,fd245b75-4010-419f-b80c-e83171ae5061,Active,PUR,
soriak,fd245b75-4010-419f-b80c-e83171ae5061,Active,MD,
soriak,fd245b75-4010-419f-b80c-e83171ae5061,Active,Unknown,
ssteamer11,fec34f9f-0c3b-44fc-84ee-6efe6b8b8897,Active,TENN,
ssteamer11,fec34f9f-0c3b-44fc-84ee-6efe6b8b8897,Active,ARIZ,
ssteamer11,fec34f9f-0c3b-44fc-84ee-6efe6b8b8897,Active,PUR,
ssteamer11,fec34f9f-0c3b-44fc-84ee-6efe6b8b8897,Active,MSU,
ssteamer11,fec34f9f-0c3b-44fc-84ee-6efe6b8b8897,Active,Unknown,
billsmafia3,c1bf7186-ae28-446a-b1a5-ec12190c6091,Active,WIS,
billsmafia3,c1bf7186-ae28-446a-b1a5-ec12190c6091,Active,ALA,
billsmafia3,c1bf7186-ae28-446a-b1a5-ec12190c6091,Active,PUR,
billsmafia3,c1bf7186-ae28-446a-b1a5-ec12190c6091,Eliminated,-,
billsmafia3,c1bf7186-ae28-446a-b1a5-ec12190c6091,Active,Unknown,
eightlarge,dc4837b0-ddba-4bf7-b9ff-99f15d8b4ded,Active,TTU,
eightlarge,dc4837b0-ddba-4bf7-b9ff-99f15d8b4ded,Active,ARIZ,
eightlarge,dc4837b0-ddba-4bf7-b9ff-99f15d8b4ded,Active,PUR,
eightlarge,dc4837b0-ddba-4bf7-b9ff-99f15d8b4ded,Eliminated,-,
eightlarge,dc4837b0-ddba-4bf7-b9ff-99f15d8b4ded,Active,Unknown,
champ2005,05c1bf5b-e880-4975-ab0a-0f1646c33733,Active,PUR,
champ2005,05c1bf5b-e880-4975-ab0a-0f1646c33733,Active,MD,
champ2005,05c1bf5b-e880-4975-ab0a-0f1646c33733,Eliminated,SJU,
champ2005,05c1bf5b-e880-4975-ab0a-0f1646c33733,Active,Unknown,
jhov,12bd0292-9245-463e-85b3-05a6c988400b,Active,TTU,
jhov,12bd0292-9245-463e-85b3-05a6c988400b,Active,ARIZ,
jhov,12bd0292-9245-463e-85b3-05a6c988400b,Eliminated,SJU,
jhov,12bd0292-9245-463e-85b3-05a6c988400b,Active,Unknown,
harrisonrubin,14d45b7e-40ba-4b76-abac-6d2c688c00b9,Active,TXAM,
harrisonrubin,14d45b7e-40ba-4b76-abac-6d2c688c00b9,Active,MD,
harrisonrubin,14d45b7e-40ba-4b76-abac-6d2c688c00b9,Eliminated,SJU,
harrisonrubin,14d45b7e-40ba-4b76-abac-6d2c688c00b9,Active,Unknown,
brendan-cutler,18558711-6c80-485b-8da4-597163c71562,Active,PUR,
brendan-cutler,18558711-6c80-485b-8da4-597163c71562,Active,ALA,
brendan-cutler,18558711-6c80-485b-8da4-597163c71562,Eliminated,TXAM,
brendan-cutler,18558711-6c80-485b-8da4-597163c71562,Active,Unknown,
onceharby,21c70f2b-cb9f-48ce-a808-0cf335d7a533,Active,WIS,
onceharby,21c70f2b-cb9f-48ce-a808-0cf335d7a533,Active,MD,
onceharby,21c70f2b-cb9f-48ce-a808-0cf335d7a533,Eliminated,SJU,
onceharby,21c70f2b-cb9f-48ce-a808-0cf335d7a533,Active,Unknown,
Bill-Hickey,22e7af92-3d62-4152-bfcc-66bc30848a4e,Active,CREI,
Bill-Hickey,22e7af92-3d62-4152-bfcc-66bc30848a4e,Active,ISU,
Bill-Hickey,22e7af92-3d62-4152-bfcc-66bc30848a4e,Eliminated,TXAM,
Bill-Hickey,22e7af92-3d62-4152-bfcc-66bc30848a4e,Active,Unknown,
johnnys,28f8d8a8-d1d8-4ad1-82f1-9a56ad75061e,Active,WIS,
johnnys,28f8d8a8-d1d8-4ad1-82f1-9a56ad75061e,Active,ISU,
johnnys,28f8d8a8-d1d8-4ad1-82f1-9a56ad75061e,Eliminated,-,
johnnys,28f8d8a8-d1d8-4ad1-82f1-9a56ad75061e,Active,Unknown,
tclark22,2d96d345-8feb-448d-b24a-5729537e692b,Active,UCLA,
tclark22,2d96d345-8feb-448d-b24a-5729537e692b,Active,ORE,
tclark22,2d96d345-8feb-448d-b24a-5729537e692b,Eliminated,TXAM,
tclark22,2d96d345-8feb-448d-b24a-5729537e692b,Active,Unknown,
pinks,3093c21f-74e5-4345-8d4c-eb66d6cba409,Active,SJU,
pinks,3093c21f-74e5-4345-8d4c-eb66d6cba409,Active,ALA,
pinks,3093c21f-74e5-4345-8d4c-eb66d6cba409,Eliminated,-,
pinks,3093c21f-74e5-4345-8d4c-eb66d6cba409,Active,Unknown,
cunico,346dcb4f-2a63-4f41-93a1-e775334016cd,Active,GONZ,
cunico,346dcb4f-2a63-4f41-93a1-e775334016cd,Active,ISU,
cunico,346dcb4f-2a63-4f41-93a1-e775334016cd,Eliminated,SJU,
cunico,346dcb4f-2a63-4f41-93a1-e775334016cd,Active,Unknown,
Grgantuan,3d2354c7-49f6-4a34-b9d9-c09c73d05968,Active,WIS,
Grgantuan,3d2354c7-49f6-4a34-b9d9-c09c73d05968,Active,UK,
Grgantuan,3d2354c7-49f6-4a34-b9d9-c09c73d05968,Eliminated,SJU,
Grgantuan,3d2354c7-49f6-4a34-b9d9-c09c73d05968,Active,Unknown,
bbrookhim,3e0178ea-e603-47d3-8e94-97075263dcd6,Active,WIS,
bbrookhim,3e0178ea-e603-47d3-8e94-97075263dcd6,Active,ISU,
bbrookhim,3e0178ea-e603-47d3-8e94-97075263dcd6,Eliminated,SJU,
bbrookhim,3e0178ea-e603-47d3-8e94-97075263dcd6,Active,Unknown,
mattoates1978,3e12ee4d-bbe5-4411-aeb4-c63dcde47c98,Active,TTU,
mattoates1978,3e12ee4d-bbe5-4411-aeb4-c63dcde47c98,Active,ISU,
mattoates1978,3e12ee4d-bbe5-4411-aeb4-c63dcde47c98,Eliminated,SJU,
mattoates1978,3e12ee4d-bbe5-4411-aeb4-c63dcde47c98,Active,Unknown,
dumbo-f3Fi,4186fc7b-bfcc-4146-a8cf-e17a2b375d01,Active,WIS,
dumbo-f3Fi,4186fc7b-bfcc-4146-a8cf-e17a2b375d01,Active,UK,
dumbo-f3Fi,4186fc7b-bfcc-4146-a8cf-e17a2b375d01,Eliminated,SJU,
dumbo-f3Fi,4186fc7b-bfcc-4146-a8cf-e17a2b375d01,Active,Unknown,
RSAWICKI,4754d362-5331-4b82-9667-0ca5dd48fda8,Active,GONZ,
RSAWICKI,4754d362-5331-4b82-9667-0ca5dd48fda8,Active,ARIZ,
RSAWICKI,4754d362-5331-4b82-9667-0ca5dd48fda8,Eliminated,SJU,
RSAWICKI,4754d362-5331-4b82-9667-0ca5dd48fda8,Active,Unknown,
lakeshow-D4SR,4db8dc17-d1b0-4ec1-ada6-35ce4437d571,Active,TTU,
lakeshow-D4SR,4db8dc17-d1b0-4ec1-ada6-35ce4437d571,Active,ARIZ,
lakeshow-D4SR,4db8dc17-d1b0-4ec1-ada6-35ce4437d571,Eliminated,SJU,
lakeshow-D4SR,4db8dc17-d1b0-4ec1-ada6-35ce4437d571,Active,Unknown,
sdog04,4f5d7c25-7caf-40e3-80c3-3bba85be1d36,Active,SJU,
sdog04,4f5d7c25-7caf-40e3-80c3-3bba85be1d36,Active,UK,
sdog04,4f5d7c25-7caf-40e3-80c3-3bba85be1d36,Eliminated,WIS,
sdog04,4f5d7c25-7caf-40e3-80c3-3bba85be1d36,Active,Unknown,
monty-768,525893b0-1a0e-482b-ad8a-df46c8a3e0f9,Active,WIS,
monty-768,525893b0-1a0e-482b-ad8a-df46c8a3e0f9,Active,SMC,
monty-768,525893b0-1a0e-482b-ad8a-df46c8a3e0f9,Eliminated,SJU,
monty-768,525893b0-1a0e-482b-ad8a-df46c8a3e0f9,Active,Unknown,
zgutz,53f4cdcf-5943-4147-9c0c-19956cb1481d,Active,SJU,
zgutz,53f4cdcf-5943-4147-9c0c-19956cb1481d,Active,CONN,
zgutz,53f4cdcf-5943-4147-9c0c-19956cb1481d,Eliminated,TXAM,
zgutz,53f4cdcf-5943-4147-9c0c-19956cb1481d,Active,Unknown,
cconfer4,5af7bac1-819d-4a0f-88d1-38407ebd6257,Active,WIS,
cconfer4,5af7bac1-819d-4a0f-88d1-38407ebd6257,Active,ALA,
cconfer4,5af7bac1-819d-4a0f-88d1-38407ebd6257,Eliminated,SJU,
cconfer4,5af7bac1-819d-4a0f-88d1-38407ebd6257,Active,Unknown,
kurtwright,5c5b390e-60f3-4d88-b633-eff77bc8ef79,Active,GONZ,
kurtwright,5c5b390e-60f3-4d88-b633-eff77bc8ef79,Active,UK,
kurtwright,5c5b390e-60f3-4d88-b633-eff77bc8ef79,Eliminated,WIS,
kurtwright,5c5b390e-60f3-4d88-b633-eff77bc8ef79,Active,Unknown,
therealmichaelboyd,64857d46-c51d-42a2-a2be-18cca25b9cbf,Active,PUR,
therealmichaelboyd,64857d46-c51d-42a2-a2be-18cca25b9cbf,Active,ISU,
therealmichaelboyd,64857d46-c51d-42a2-a2be-18cca25b9cbf,Eliminated,SJU,
therealmichaelboyd,64857d46-c51d-42a2-a2be-18cca25b9cbf,Active,Unknown,
gmoneyman,65ee0a73-09f0-4618-b801-07baa10b0c9d,Active,TTU,
gmoneyman,65ee0a73-09f0-4618-b801-07baa10b0c9d,Active,UK,
gmoneyman,65ee0a73-09f0-4618-b801-07baa10b0c9d,Eliminated,MCNS,
gmoneyman,65ee0a73-09f0-4618-b801-07baa10b0c9d,Active,Unknown,
jrdelgadoo,6dd2c1c5-b8cc-408b-85a7-25c6a1f6b426,Active,WIS,
jrdelgadoo,6dd2c1c5-b8cc-408b-85a7-25c6a1f6b426,Active,ISU,
jrdelgadoo,6dd2c1c5-b8cc-408b-85a7-25c6a1f6b426,Eliminated,SJU,
jrdelgadoo,6dd2c1c5-b8cc-408b-85a7-25c6a1f6b426,Active,Unknown,
am455464,6decf95a-96e6-4967-8ce7-b43b13bbd963,Active,SJU,
am455464,6decf95a-96e6-4967-8ce7-b43b13bbd963,Active,ISU,
am455464,6decf95a-96e6-4967-8ce7-b43b13bbd963,Eliminated,TXAM,
am455464,6decf95a-96e6-4967-8ce7-b43b13bbd963,Active,Unknown,
amalls23,7111ee6e-fd3c-41dc-92cd-7e297a41eda1,Active,GONZ,
amalls23,7111ee6e-fd3c-41dc-92cd-7e297a41eda1,Active,ORE,
amalls23,7111ee6e-fd3c-41dc-92cd-7e297a41eda1,Eliminated,SJU,
amalls23,7111ee6e-fd3c-41dc-92cd-7e297a41eda1,Active,Unknown,
nickytre,758568b9-1122-48e2-bc64-6008529b9bca,Active,TXAM,
nickytre,758568b9-1122-48e2-bc64-6008529b9bca,Active,ISU,
nickytre,758568b9-1122-48e2-bc64-6008529b9bca,Eliminated,WIS,
nickytre,758568b9-1122-48e2-bc64-6008529b9bca,Active,Unknown,
garythepsgicom,76ea0307-d136-4889-826f-650f159ecae8,Active,WIS,
garythepsgicom,76ea0307-d136-4889-826f-650f159ecae8,Active,UK,
garythepsgicom,76ea0307-d136-4889-826f-650f159ecae8,Eliminated,GONZ,
garythepsgicom,76ea0307-d136-4889-826f-650f159ecae8,Active,Unknown,
todoubled-jmc8,774c7bb1-357d-4334-b543-5f886a03a840,Active,SJU,
todoubled-jmc8,774c7bb1-357d-4334-b543-5f886a03a840,Active,ISU,
todoubled-jmc8,774c7bb1-357d-4334-b543-5f886a03a840,Eliminated,TXAM,
todoubled-jmc8,774c7bb1-357d-4334-b543-5f886a03a840,Active,Unknown,
metsfan5,7dbbe00d-22bc-43b8-9054-7627c312d728,Active,GONZ,
metsfan5,7dbbe00d-22bc-43b8-9054-7627c312d728,Active,SMC,
metsfan5,7dbbe00d-22bc-43b8-9054-7627c312d728,Eliminated,TXAM,
metsfan5,7dbbe00d-22bc-43b8-9054-7627c312d728,Active,Unknown,
jurgenhuck,821347fc-3bfd-4101-9519-779a85d51aad,Active,TENN,
jurgenhuck,821347fc-3bfd-4101-9519-779a85d51aad,Active,ORE,
jurgenhuck,821347fc-3bfd-4101-9519-779a85d51aad,Eliminated,-,
jurgenhuck,821347fc-3bfd-4101-9519-779a85d51aad,Active,Unknown,
Mkolze22,864223e6-ba18-4766-8dca-b5cc2b21a0da,Active,HOU,
Mkolze22,864223e6-ba18-4766-8dca-b5cc2b21a0da,Active,ALA,
Mkolze22,864223e6-ba18-4766-8dca-b5cc2b21a0da,Eliminated,TXAM,
Mkolze22,864223e6-ba18-4766-8dca-b5cc2b21a0da,Active,Unknown,
crimsonreign,99938ad5-f947-4267-b9e0-f0c30317dacf,Active,TTU,
crimsonreign,99938ad5-f947-4267-b9e0-f0c30317dacf,Active,ISU,
crimsonreign,99938ad5-f947-4267-b9e0-f0c30317dacf,Eliminated,SJU,
crimsonreign,99938ad5-f947-4267-b9e0-f0c30317dacf,Active,Unknown,
Commish-Colin,99f44780-0d04-44dd-a705-11120937e80f,Active,GONZ,
Commish-Colin,99f44780-0d04-44dd-a705-11120937e80f,Active,CONN,
Commish-Colin,99f44780-0d04-44dd-a705-11120937e80f,Eliminated,TXAM,
Commish-Colin,99f44780-0d04-44dd-a705-11120937e80f,Active,Unknown,
magicmod,9c7e710f-c5f2-4a06-b003-cb61161625b4,Active,WIS,
magicmod,9c7e710f-c5f2-4a06-b003-cb61161625b4,Active,ARIZ,
magicmod,9c7e710f-c5f2-4a06-b003-cb61161625b4,Eliminated,SJU,
magicmod,9c7e710f-c5f2-4a06-b003-cb61161625b4,Active,Unknown,
johngrady,a57b16b7-c501-4485-a125-2759514f9f72,Active,PUR,
johngrady,a57b16b7-c501-4485-a125-2759514f9f72,Active,ISU,
johngrady,a57b16b7-c501-4485-a125-2759514f9f72,Eliminated,WIS,
johngrady,a57b16b7-c501-4485-a125-2759514f9f72,Active,Unknown,
theshaynem,a636f766-1adb-4ed4-a058-7aa75a76b7a6,Active,WIS,
theshaynem,a636f766-1adb-4ed4-a058-7aa75a76b7a6,Active,SMC,
theshaynem,a636f766-1adb-4ed4-a058-7aa75a76b7a6,Eliminated,SJU,
theshaynem,a636f766-1adb-4ed4-a058-7aa75a76b7a6,Active,Unknown,
church,b0b3c84e-5f6d-4d3a-86c0-ceb698f6bfee,Active,SJU,
church,b0b3c84e-5f6d-4d3a-86c0-ceb698f6bfee,Active,ALA,
church,b0b3c84e-5f6d-4d3a-86c0-ceb698f6bfee,Eliminated,TXAM,
church,b0b3c84e-5f6d-4d3a-86c0-ceb698f6bfee,Active,Unknown,
joeystarr,b94a9e89-8e6c-4925-9c47-63eb988f2214,Active,WIS,
joeystarr,b94a9e89-8e6c-4925-9c47-63eb988f2214,Active,MISS,
joeystarr,b94a9e89-8e6c-4925-9c47-63eb988f2214,Eliminated,SJU,
joeystarr,b94a9e89-8e6c-4925-9c47-63eb988f2214,Active,Unknown,
tlove1941,c418c9a5-c2c4-4488-9e4e-c1942f225afe,Active,GONZ,
tlove1941,c418c9a5-c2c4-4488-9e4e-c1942f225afe,Active,BAY,
tlove1941,c418c9a5-c2c4-4488-9e4e-c1942f225afe,Eliminated,DRKE,
tlove1941,c418c9a5-c2c4-4488-9e4e-c1942f225afe,Active,Unknown,
brianbedo,c79645a3-33ce-4cfd-b141-248958c174ee,Active,TENN,
brianbedo,c79645a3-33ce-4cfd-b141-248958c174ee,Active,ISU,
brianbedo,c79645a3-33ce-4cfd-b141-248958c174ee,Eliminated,SJU,
brianbedo,c79645a3-33ce-4cfd-b141-248958c174ee,Active,Unknown,
matt1226,d3246fb5-df7f-4b9e-959e-97b3ce72c25b,Active,TENN,
matt1226,d3246fb5-df7f-4b9e-959e-97b3ce72c25b,Active,MSU,
matt1226,d3246fb5-df7f-4b9e-959e-97b3ce72c25b,Eliminated,SJU,
matt1226,d3246fb5-df7f-4b9e-959e-97b3ce72c25b,Active,Unknown,
andye,d83c5717-5fc1-4fe0-a7af-0454772c8641,Active,GONZ,
andye,d83c5717-5fc1-4fe0-a7af-0454772c8641,Active,ARIZ,
andye,d83c5717-5fc1-4fe0-a7af-0454772c8641,Eliminated,SJU,
andye,d83c5717-5fc1-4fe0-a7af-0454772c8641,Active,Unknown,
Dslev32,d9d59388-11b6-4a22-b04e-a162fd989117,Active,HOU,
Dslev32,d9d59388-11b6-4a22-b04e-a162fd989117,Active,FLA,
Dslev32,d9d59388-11b6-4a22-b04e-a162fd989117,Eliminated,-,
Dslev32,d9d59388-11b6-4a22-b04e-a162fd989117,Active,Unknown,
pmac22,daa88aa2-36e3-4394-9f01-aeb709a4f6d9,Active,WIS,
pmac22,daa88aa2-36e3-4394-9f01-aeb709a4f6d9,Active,MD,
pmac22,daa88aa2-36e3-4394-9f01-aeb709a4f6d9,Eliminated,SJU,
pmac22,daa88aa2-36e3-4394-9f01-aeb709a4f6d9,Active,Unknown,
ryflo777,df5a7b24-5d08-4258-9f3f-141e129d839a,Active,WIS,
ryflo777,df5a7b24-5d08-4258-9f3f-141e129d839a,Active,UK,
ryflo777,df5a7b24-5d08-4258-9f3f-141e129d839a,Eliminated,SJU,
ryflo777,df5a7b24-5d08-4258-9f3f-141e129d839a,Active,Unknown,
Nick-Kuhn,e29c7218-b962-4d03-b516-3f8f82c9074c,Active,GONZ,
Nick-Kuhn,e29c7218-b962-4d03-b516-3f8f82c9074c,Active,UK,
Nick-Kuhn,e29c7218-b962-4d03-b516-3f8f82c9074c,Eliminated,MCNS,
Nick-Kuhn,e29c7218-b962-4d03-b516-3f8f82c9074c,Active,Unknown,
c34td,e603c22f-26d0-45b1-97c6-8a1cb9f632bb,Active,TENN,
c34td,e603c22f-26d0-45b1-97c6-8a1cb9f632bb,Active,ORE,
c34td,e603c22f-26d0-45b1-97c6-8a1cb9f632bb,Eliminated,SJU,
c34td,e603c22f-26d0-45b1-97c6-8a1cb9f632bb,Active,Unknown,
paulaspan1,e6e4c716-b907-4db4-b4c8-77a93b9dd729,Active,GONZ,
paulaspan1,e6e4c716-b907-4db4-b4c8-77a93b9dd729,Active,ALA,
paulaspan1,e6e4c716-b907-4db4-b4c8-77a93b9dd729,Eliminated,SJU,
paulaspan1,e6e4c716-b907-4db4-b4c8-77a93b9dd729,Active,Unknown,
kevinhilmers,f7c0ad1b-2455-414e-a61a-f5393bb017b8,Active,UCLA,
kevinhilmers,f7c0ad1b-2455-414e-a61a-f5393bb017b8,Active,ISU,
kevinhilmers,f7c0ad1b-2455-414e-a61a-f5393bb017b8,Eliminated,SJU,
kevinhilmers,f7c0ad1b-2455-414e-a61a-f5393bb017b8,Active,Unknown,
hogue,fd168e16-1548-4823-9d10-549e2eedbad1,Active,TENN,
hogue,fd168e16-1548-4823-9d10-549e2eedbad1,Active,MD,
hogue,fd168e16-1548-4823-9d10-549e2eedbad1,Eliminated,SJU,
hogue,fd168e16-1548-4823-9d10-549e2eedbad1,Active,Unknown,
seands,00392dc6-c29a-4cf9-956f-7b8488f062c9,Active,UCLA,
seands,00392dc6-c29a-4cf9-956f-7b8488f062c9,Eliminated,MARQ,
seands,00392dc6-c29a-4cf9-956f-7b8488f062c9,Active,Unknown,
aromeoj,15dea0bd-6ea7-4d96-a1fa-63bce51ba610,Active,TTU,
aromeoj,15dea0bd-6ea7-4d96-a1fa-63bce51ba610,Eliminated,UNC,
aromeoj,15dea0bd-6ea7-4d96-a1fa-63bce51ba610,Active,Unknown,
daspan,270e6488-30e0-419d-8f37-ceadd52cb400,Active,GONZ,
daspan,270e6488-30e0-419d-8f37-ceadd52cb400,Eliminated,UNC,
daspan,270e6488-30e0-419d-8f37-ceadd52cb400,Active,Unknown,
makeyourfreethrows,4667cecd-3d7f-4887-b1f9-3b100b1f1e97,Active,GONZ,
makeyourfreethrows,4667cecd-3d7f-4887-b1f9-3b100b1f1e97,Eliminated,UNC,
makeyourfreethrows,4667cecd-3d7f-4887-b1f9-3b100b1f1e97,Active,Unknown,
David-Zuckerman,4b3e832b-a7ac-4c19-80fc-79b5e1bf849f,Active,CREI,
David-Zuckerman,4b3e832b-a7ac-4c19-80fc-79b5e1bf849f,Eliminated,MSST,
David-Zuckerman,4b3e832b-a7ac-4c19-80fc-79b5e1bf849f,Active,Unknown,
nford44,73207642-54b4-45f7-8f8c-a5df24cf3afd,Active,PUR,
nford44,73207642-54b4-45f7-8f8c-a5df24cf3afd,Eliminated,MARQ,
nford44,73207642-54b4-45f7-8f8c-a5df24cf3afd,Active,Unknown,
boomerbeaters,7888d972-f8c4-4c17-9a9c-e90c718bf7c1,Active,PUR,
boomerbeaters,7888d972-f8c4-4c17-9a9c-e90c718bf7c1,Eliminated,MARQ,
boomerbeaters,7888d972-f8c4-4c17-9a9c-e90c718bf7c1,Active,Unknown,
oneidaroy2020,81ec4e1a-31aa-4db8-9d94-fcfcdb2621db,Active,MICH,
oneidaroy2020,81ec4e1a-31aa-4db8-9d94-fcfcdb2621db,Eliminated,-,
oneidaroy2020,81ec4e1a-31aa-4db8-9d94-fcfcdb2621db,Active,Unknown,
mjharry,9333c237-1122-45ba-b71a-c6b89b7477fc,Active,WIS,
mjharry,9333c237-1122-45ba-b71a-c6b89b7477fc,Eliminated,MEM,
mjharry,9333c237-1122-45ba-b71a-c6b89b7477fc,Active,Unknown,
bweiss,a09fd2d5-8113-49a6-95cf-7e8afa887cc1,Active,TTU,
bweiss,a09fd2d5-8113-49a6-95cf-7e8afa887cc1,Eliminated,UNC,
bweiss,a09fd2d5-8113-49a6-95cf-7e8afa887cc1,Active,Unknown,
Sydney-Schwartz,e04f0748-7097-466d-b8d6-22737ff13787,Active,PUR,
Sydney-Schwartz,e04f0748-7097-466d-b8d6-22737ff13787,Eliminated,UNC,
Sydney-Schwartz,e04f0748-7097-466d-b8d6-22737ff13787,Active,Unknown,
joeostrowski,e94d18fd-c6b7-4780-a7c7-efbfcd5440b3,Active,WIS,
joeostrowski,e94d18fd-c6b7-4780-a7c7-efbfcd5440b3,Eliminated,UNC,
joeostrowski,e94d18fd-c6b7-4780-a7c7-efbfcd5440b3,Active,Unknown,
randyjacob,f182b137-dbfe-44c2-bac1-6039c80ecf1f,Active,TTU,
randyjacob,f182b137-dbfe-44c2-bac1-6039c80ecf1f,Eliminated,MARQ,
randyjacob,f182b137-dbfe-44c2-bac1-6039c80ecf1f,Active,Unknown,
medman,07bdf9cc-dc1d-49ff-8397-2f2eff0734a1,Eliminated,KU,
medman,07bdf9cc-dc1d-49ff-8397-2f2eff0734a1,Active,Unknown,
jaredspector,09cd3cdd-7fcc-4132-8347-ff06a55acf2b,Eliminated,KU,
jaredspector,09cd3cdd-7fcc-4132-8347-ff06a55acf2b,Active,Unknown,
seahawksanders,0f41606f-feeb-4d36-8485-2e3b0f62ae81,Eliminated,CLEM,
seahawksanders,0f41606f-feeb-4d36-8485-2e3b0f62ae81,Active,Unknown,
imrobins,1eaf1f99-62b4-42b4-aa71-51675981b9f7,Eliminated,CLEM,
imrobins,1eaf1f99-62b4-42b4-aa71-51675981b9f7,Active,Unknown,
MPOLAND03,268d4f30-b029-4a9d-a48e-a71ede9011f0,Eliminated,MIZZ,
MPOLAND03,268d4f30-b029-4a9d-a48e-a71ede9011f0,Active,Unknown,
amillerssurvivorpick,29a80308-8258-489b-b5bd-67c467902223,Eliminated,KU,
amillerssurvivorpick,29a80308-8258-489b-b5bd-67c467902223,Active,Unknown,
cbello,4199db5f-1aad-4212-9089-8cb67e596f2d,Eliminated,MIZZ,
cbello,4199db5f-1aad-4212-9089-8cb67e596f2d,Active,Unknown,
SteveFonzzz,45c1cd25-3869-45a1-a7e8-f4e78a94ee84,Eliminated,MIZZ,
SteveFonzzz,45c1cd25-3869-45a1-a7e8-f4e78a94ee84,Active,Unknown,
drosenbaum,4e350232-df27-4977-8a3c-b55f2e567f78,Eliminated,MIZZ,
drosenbaum,4e350232-df27-4977-8a3c-b55f2e567f78,Active,Unknown,
sportsvision,5bbe16f6-9aa8-4ab1-b4ce-bf6f2e4249db,Eliminated,CLEM,
sportsvision,5bbe16f6-9aa8-4ab1-b4ce-bf6f2e4249db,Active,Unknown,
scunningham,5bdddedd-2b10-4907-a3ad-ccd588adfc31,Eliminated,MIZZ,
scunningham,5bdddedd-2b10-4907-a3ad-ccd588adfc31,Active,Unknown,
mberg,7abef274-b764-42c4-836c-6d480605b613,Eliminated,CLEM,
mberg,7abef274-b764-42c4-836c-6d480605b613,Active,Unknown,
wobbbble,9a73e4ab-4a36-45dd-9a79-76d2d034250e,Eliminated,UCSD,
wobbbble,9a73e4ab-4a36-45dd-9a79-76d2d034250e,Active,Unknown,
lavigneds,a95e6fed-cdc3-42dd-b046-b2f6cfe59be1,Eliminated,CLEM,
lavigneds,a95e6fed-cdc3-42dd-b046-b2f6cfe59be1,Active,Unknown,
nicko5,b32c4c59-a70b-495d-ad58-d5113ca3ae9a,Eliminated,CLEM,
nicko5,b32c4c59-a70b-495d-ad58-d5113ca3ae9a,Active,Unknown,
Gorider87,b9f52573-bc2b-4474-8c2c-e5e7dbffc4d4,Eliminated,MIZZ,
Gorider87,b9f52573-bc2b-4474-8c2c-e5e7dbffc4d4,Active,Unknown,
jkrup,baab0105-eb0a-4893-b7d0-39be2c62b800,Eliminated,CLEM,
jkrup,baab0105-eb0a-4893-b7d0-39be2c62b800,Active,Unknown,
bennyfish,bb42625b-d35c-43ed-a53b-8855eab6a160,Eliminated,LOU,
bennyfish,bb42625b-d35c-43ed-a53b-8855eab6a160,Active,Unknown,
KP,c3a84e43-62f4-4d52-b30d-99e775a54f77,Eliminated,MIZZ,
KP,c3a84e43-62f4-4d52-b30d-99e775a54f77,Active,Unknown,
g-raffe9,dbcb93a0-da1d-42c8-867e-08cd53e2235c,Eliminated,LOU,
g-raffe9,dbcb93a0-da1d-42c8-867e-08cd53e2235c,Active,Unknown,
bfeld22,f3ccc477-9f90-4311-a92c-dab4fbc891c5,Eliminated,UCSD,
bfeld22,f3ccc477-9f90-4311-a92c-dab4fbc891c5,Active,Unknown,
yodolph,fc2827dc-a54a-47d1-8cbe-814aa5352a4e,Eliminated,KU,
yodolph,fc2827dc-a54a-47d1-8cbe-814aa5352a4e,Active,Unknown,
